name	version	url	country	source
yaf.ai	1.162.0	matrix.yaf.ai	Unknown	Asra.gr
noyb.io	1.162.0	noyb.io	Unknown	Asra.gr
secnd.me	1.162.0	matrix.secnd.me	Unknown	Asra.gr
rhscz.eu	1.162.0	rhscz.eu	Unknown	Asra.gr
obco.pro	1.162.0	matrixchat.org	Unknown	Asra.gr
heiss.be	1.162.0	matrix.heiss.be	Unknown	Asra.gr
bwinf.de	1.162.0	synapse.bwinf.de	Unknown	Asra.gr
3x19.com	1.162.0	3x19.com	Unknown	Asra.gr
tejat.net	1.162.0	matrix.tejat.net	Unknown	Asra.gr
ladiv.org	1.162.0	matrix.ladiv.org	Unknown	Asra.gr
kotous.cz	1.162.0rc1	ssl.kotous.cz	Unknown	Asra.gr
f2a.space	1.162.0	matrix.f2a.space	Unknown	Asra.gr
bytea.org	1.162.0	matrix.bytea.org	Unknown	Asra.gr
aipi.chat	1.162.0	aipi.chat	Unknown	Asra.gr
wentao.org	1.162.0	m.wentao.org	Unknown	Asra.gr
pramari.de	1.162.0	matrix.pramari.de	Unknown	Asra.gr
pcriot.org	1.162.0	pcriot.org	Unknown	Asra.gr
layova.dev	1.162.0	matrix.layova.dev	Unknown	Asra.gr
holedo.com	1.162.0	matrix.holedo.com	Unknown	Asra.gr
gaube.chat	1.162.0	gaube.chat	Unknown	Asra.gr
drgnz.club	1.162.0	drgnz.club	Unknown	Asra.gr
bruckbu.de	1.162.0	matrix.rot1.bruckbu.de	Unknown	Asra.gr
bimseln.de	1.162.0	matrix.bimseln.de	Unknown	Asra.gr
savemy.name	1.162.0	matrix.savemy.name	Unknown	Asra.gr
malooma.bzh	1.162.0	synapse.malooma.bzh	Unknown	Asra.gr
hribhrib.at	1.162.0	hribhrib.at	Unknown	Asra.gr
grips-it.de	1.162.0	matrix.grips-edv.de	Unknown	Asra.gr
erfurt.chat	1.162.0	erfurt.chat	Unknown	Asra.gr
dewrito.net	1.162.0	matrix.dewrito.net	Unknown	Asra.gr
cyconet.org	1.162.0	matrix.cyconet.org	Unknown	Asra.gr
andrue.asia	1.162.0	matrix.andrue.asia	Unknown	Asra.gr
wachzwang.de	1.162.0	matrix.wachzwang.de	Unknown	Asra.gr
swisstrix.ch	1.162.0	swisstrix.ch	Unknown	Asra.gr
newtrisko.de	1.162.0	matrix.newtrisko.de	Unknown	Asra.gr
mckinstry.ie	1.162.0	mckinstry.ie	Unknown	Asra.gr
it-syndik.at	1.162.0	matrix.it-syndik.at	Unknown	Asra.gr
imagisphe.re	1.162.0	imagisphe.re	Unknown	Asra.gr
halogen.city	1.162.0	matrix.dewrito.net	Unknown	Asra.gr
hadan.social	1.162.0	matrix.hadan.social	Unknown	Asra.gr
authelia.com	1.162.0	matrix.authelia.com	Unknown	Asra.gr
augsburg.one	1.162.0	augsburg.one	Unknown	Asra.gr
akkariin.moe	1.162.0	matrix.akkariin.moe	Unknown	Asra.gr
thedreamer.nl	1.162.0	synapse.thedreamer.nl	Unknown	Asra.gr
sutcliffe.xyz	1.162.0	matrix.sutcliffe.xyz	Unknown	Asra.gr
mx.675576.xyz	1.162.0	mx.675576.xyz	Unknown	Asra.gr
matrix.l4f.cc	1.162.0	matrix.l4f.cc	Unknown	Asra.gr
matrix.5ma.eu	1.162.0	matrix.5ma.eu	Unknown	Asra.gr
io.proxion.de	1.162.0	io.proxion.de	Unknown	Asra.gr
im.vrpnet.org	1.162.0	im.vrpnet.org	Unknown	Asra.gr
hot-chilli.im	1.162.0	hot-chilli.im	Unknown	Asra.gr
hillion.co.uk	1.162.0	matrix.hillion.co.uk	Unknown	Asra.gr
unredacted.org	1.162.0	matrix.unredacted.org	Unknown	Asra.gr
netzkraefte.de	1.162.0	matrix.netzkraefte.de	Unknown	Asra.gr
matrixchat.org	1.162.0	matrixchat.org	Unknown	Asra.gr
matrixchat.dev	1.162.0	matrixchat.dev	Unknown	Asra.gr
matrix.bida.im	1.162.0	matrix.bida.im	Unknown	Asra.gr
fossi-chat.org	1.162.0	matrix.fossi-chat.org	Unknown	Asra.gr
dimitrodam.com	1.162.0	matrix.dimitrodam.com	Unknown	Asra.gr
demo.etke.host	1.162.0	matrix.demo.etke.host	Unknown	Asra.gr
chat.nomeer.ru	1.162.0	chat.nomeer.ru	Unknown	Asra.gr
wilywidgets.com	1.162.0	wilywidgets.com	Unknown	Asra.gr
solidarmobil.de	1.162.0	matrix.solidarmobil.de	Unknown	Asra.gr
matrix.wiuma.de	1.162.0	matrix.wiuma.de	Unknown	Asra.gr
gemeinsam.jetzt	1.162.0	matrix.gemeinsam.jetzt	Unknown	Asra.gr
conversence.com	1.162.0	matrix.conversence.com	Unknown	Asra.gr
chat.gazeley.me	1.162.0	chat.gazeley.me	Unknown	Asra.gr
chat.bartho.org	1.162.0	chat.bartho.org	Unknown	Asra.gr
toucaenroller.fr	1.162.0	matrix.toucaenroller.fr	Unknown	Asra.gr
matrix.wateir.fr	1.162.0	matrix.wateir.fr	Unknown	Asra.gr
matrix.newan.net	1.162.0	matrix.newan.net	Unknown	Asra.gr
matrix.mxhdr.net	1.162.0	matrix.mxhdr.net	Unknown	Asra.gr
matrix.matmoa.eu	1.162.0	matrix.matmoa.eu	Unknown	Asra.gr
matrix.dtris.moe	1.162.0	matrix.dtris.moe	Unknown	Asra.gr
matrix.dstwre.sh	1.162.0	matrix.dstwre.sh	Unknown	Asra.gr
luisguerrero.net	1.162.0	matrix.luisguerrero.net	Unknown	Asra.gr
defencegeeks.net	1.162.0	defencegeeks.net	Unknown	Asra.gr
crafti-servi.com	1.162.0	matrix.crafti-servi.com	Unknown	Asra.gr
thundercleess.org	1.162.0	matrix.thundercleess.org	Unknown	Asra.gr
secure-channel.net	1.162.0	matrix.secure-channel.net	Unknown	Asra.gr
matrix.musicsrv.de	1.162.0	matrix.musicsrv.de	Unknown	Asra.gr
synapse.sa-chat.com	1.162.0	synapse.sa-chat.com	Unknown	Asra.gr
matrix.sandbox64.at	1.162.0	matrix.sandbox64.at	Unknown	Asra.gr
matrix.meissners.me	1.162.0	matrix.meissners.me	Unknown	Asra.gr
matrix.kultwiki.net	1.162.0	matrix.kultwiki.net	Unknown	Asra.gr
matrix.jeffcake.com	1.162.0	matrix.jeffcake.com	Unknown	Asra.gr
matrix.delaylama.de	1.162.0	matrix.delaylama.de	Unknown	Asra.gr
launching.anuke.org	1.162.0	launching.anuke.org	Unknown	Asra.gr
home.zendit.digital	1.162.0	home.zendit.digital	Unknown	Asra.gr
server.matrix4ulm.de	1.162.0	server.matrix4ulm.de	Unknown	Asra.gr
matrix.tjaardflix.de	1.162.0	matrix.tjaardflix.de	Unknown	Asra.gr
matrix.tinternet.net	1.162.0	matrix.tinternet.net	Unknown	Asra.gr
matrix.pfalz-mail.de	1.162.0	matrix.pfalz-mail.de	Unknown	Asra.gr
matrix.luisental.org	1.162.0	matrix.luisental.org	Unknown	Asra.gr
matrix.alfredolin.eu	1.162.0	matrix.alfredolin.eu	Unknown	Asra.gr
chat.seatelgruop.com	1.162.0	chat.seatelgruop.com	Unknown	Asra.gr
chat.pathsecho.quest	1.162.0	chat.pathsecho.quest	Unknown	Asra.gr
matrix.webdevelop.pro	1.162.0	matrix.webdevelop.pro	Unknown	Asra.gr
matrix.orangestar.dev	1.162.0	matrix.orangestar.dev	Unknown	Asra.gr
matrix.kompektiva.org	1.162.0	matrix.kompektiva.org	Unknown	Asra.gr
matrix.johandroid.com	1.162.0	matrix.johandroid.com	Unknown	Asra.gr
matrix.groet-infra.nl	1.162.0	matrix.groet-infra.nl	Unknown	Asra.gr
matrix.wrservices.link	1.162.0	matrix.wrservices.link	Unknown	Asra.gr
matrix.ronin-legacy.fr	1.162.0	matrix-federation.ronin-legacy.fr	Unknown	Asra.gr
matrix.muensterhack.de	1.162.0	matrix.muensterhack.de	Unknown	Asra.gr
matrix.joyboycloud.xyz	1.162.0	matrix.joyboycloud.xyz	Unknown	Asra.gr
matrix.gemeinsam.jetzt	1.162.0	matrix.gemeinsam.jetzt	Unknown	Asra.gr
matrix.friendattack.eu	1.162.0	matrix.friendattack.eu	Unknown	Asra.gr
matrix.arya.dogcraft.de	1.162.0	matrix.arya.dogcraft.de	Unknown	Asra.gr
matrix.kevinronceray.com	1.162.0	matrix.kevinronceray.com	Unknown	Asra.gr
architectenterprises.net	1.162.0	architectenterprises.net	Unknown	Asra.gr
pridelands-after-dark.com	1.162.0	pridelands-after-dark.com	Unknown	Asra.gr
matrix.theroaringlion.net	1.162.0	matrix.theroaringlion.net	Unknown	Asra.gr
matrix.csn.tu-chemnitz.de	1.162.0	matrix.csn.tu-chemnitz.de	Unknown	Asra.gr
mymatrix79.xavierscave.trade	1.162.0	mymatrix79.xavierscave.trade	Unknown	Asra.gr
server.digitalesozialearbeit.de	1.162.0	server.digitalesozialearbeit.de	Unknown	Asra.gr
matrix.strongtownssteinbach.org	1.162.0	matrix.strongtownssteinbach.org	Unknown	Asra.gr
matrix.lightmajenta.duckdns.org	1.162.0	matrix.lightmajenta.duckdns.org	Unknown	Asra.gr
flying-snail-matrix.nsupdate.info	1.162.0	flying-snail-matrix.nsupdate.info	Unknown	Asra.gr
iuc.de	1.161.0	iuc.de	Unknown	Asra.gr
tok2.me	1.161.0	matrix.tok2.me	Unknown	Asra.gr
plus.ec	1.161.0	plus.ec	Unknown	Asra.gr
42.chat	1.161.0	matrix.42.chat	Unknown	Asra.gr
sroom.de	1.161.0	matrix.sroom.de	Unknown	Asra.gr
shrou.de	1.161.0	matrix.shrou.de	Unknown	Asra.gr
nynex.de	1.161.0	synapse.nynex.de	Unknown	Asra.gr
frens.io	1.161.0	matrix.frens.io	Unknown	Asra.gr
ouppy.gay	1.161.0	matrix.ouppy.gay	Unknown	Asra.gr
morrq.com	1.161.0	matrix.morrq.com	Unknown	Asra.gr
zimage.com	1.161.0	matrix.zimage.com	Unknown	Asra.gr
gamecom.ch	1.161.0	gamecom.ch	Unknown	Asra.gr
wivodaim.ch	1.161.0	synapse.wivodaim.ch	Unknown	Asra.gr
pravdik.dev	1.161.0	matrix.pravdik.dev	Unknown	Asra.gr
masenok.net	1.161.0	masenok.net	Unknown	Asra.gr
libreti.net	1.161.0	matrix.libreti.net	Unknown	Asra.gr
im.moec.top	1.161.0	matrix.moec.top	Unknown	Asra.gr
4a2s.stream	1.161.0	4a2s.stream	Unknown	Asra.gr
pastwind.org	1.161.0	pastwind.org	Unknown	Asra.gr
matrixbox.de	1.161.0	matrix.matrixbox.de	Unknown	Asra.gr
darkmoney.my	1.161.0	darkmoney.my	Unknown	Asra.gr
red.labor4.ch	1.161.0	red.labor4.ch	Unknown	Asra.gr
anomalous.dev	1.161.0	matrix.anomalous.dev	Unknown	Asra.gr
serenityos.org	1.161.0	serenityos.matrix.nwex.de	Unknown	Asra.gr
riot.linxx.net	1.161.0	riot.linxx.net	Unknown	Asra.gr
home.tadris.de	1.161.0	home.tadris.de	Unknown	Asra.gr
piratenpartei.ch	1.161.0	matrix.piratenpartei.ch	Unknown	Asra.gr
meissnercloud.de	1.161.0	matrix.meissnercloud.de	Unknown	Asra.gr
matrix.pk-web.de	1.161.0	matrix.pk-web.de	Unknown	Asra.gr
matrix.ndlug.org	1.161.0	matrix.ndlug.org	Unknown	Asra.gr
matrix.intri.cat	1.161.0	matrix.intri.cat	Unknown	Asra.gr
magictalk.online	1.161.0	magictalk.online	Unknown	Asra.gr
chat.paltian.net	1.161.0	chat.paltian.net	Unknown	Asra.gr
silence.pudmed.ir	1.161.0	silence.pudmed.ir	Unknown	Asra.gr
matrix.khajiit.de	1.161.0	matrix.khajiit.de	Unknown	Asra.gr
matrix.ecsena.com	1.161.0	matrix.ecsena.com	Unknown	Asra.gr
matrix.vil.systems	1.161.0	matrix.vil.systems	Unknown	Asra.gr
matrix.override.nl	1.161.0	matrix.override.nl	Unknown	Asra.gr
matrix.kevbone.com	1.161.0	matrix.kevbone.com	Unknown	Asra.gr
matrix.fregram.com	1.161.0	matrix.fregram.com	Unknown	Asra.gr
matrix.floranga.ru	1.161.0	matrix.floranga.ru	Unknown	Asra.gr
chat.facb69.com.br	1.161.0	chat.facb69.com.br	Unknown	Asra.gr
administrieren.net	1.161.0	matrix.administrieren.net	Unknown	Asra.gr
matrix.snct-gmbh.de	1.161.0	matrix.snct-gmbh.de	Unknown	Asra.gr
matrix.frstgear.app	1.161.0	matrix.frstgear.app	Unknown	Asra.gr
enter.ilonagabor.de	1.161.0	enter.ilonagabor.de	Unknown	Asra.gr
chat.gottagofast.fr	1.161.0	chat.gottagofast.fr	Unknown	Asra.gr
matrix.small-net.net	1.161.0	matrix.small-net.net	Unknown	Asra.gr
matrix.netzagentur.at	1.161.0	matrix.netzagentur.at	Unknown	Asra.gr
matrix.gruppeheat.net	1.161.0	matrix.gruppeheat.net	Unknown	Asra.gr
hq.sysadmin.directory	1.161.0	hq.sysadmin.directory	Unknown	Asra.gr
mrx.im	1.160.0	matrix.mrx.im	Unknown	Asra.gr
kle.li	1.160.0	matrix.kle.li	Unknown	Asra.gr
m.edw.ai	1.160.0	m.edw.ai	Unknown	Asra.gr
floyd.dk	1.160.0	matrix.floyd.dk	Unknown	Asra.gr
ebhi.org	1.160.0	matrix.ebhi.org	Unknown	Asra.gr
rustch.at	1.160.0	rustch.at	Unknown	Asra.gr
yorili.com	1.160.0	chat.yorili.com	Unknown	Asra.gr
sekbaer.de	1.160.0	matrix.sekbaer.de	Unknown	Asra.gr
ddhn324.ca	1.160.0	matrix.ddhn324.ca	Unknown	Asra.gr
wieloryb.eu	1.160.0	balade.wieloryb.eu	Unknown	Asra.gr
robbinsa.me	1.160.0	matrix.robbinsa.me	Unknown	Asra.gr
offinity.io	1.160.0	matrix.offinity.io	Unknown	Asra.gr
dautreme.fr	1.160.0	dautreme.fr	Unknown	Asra.gr
nebendahl.eu	1.160.0	nebendahl.eu	Unknown	Asra.gr
marstrix.org	1.160.0	matrix.marstrix.org	Unknown	Asra.gr
jcalonso.com	1.160.0	matrix.jcalonso.com	Unknown	Asra.gr
gnulinux.club	1.160.0	matrix.gnulinux.club	Unknown	Asra.gr
bendini20.net	1.160.0	matrix.bendini20.net	Unknown	Asra.gr
kompektiva.org	1.160.0	matrix.kompektiva.org	Unknown	Asra.gr
jeanrichou.ovh	1.160.0	matrix.jeanrichou.ovh	Unknown	Asra.gr
netauthority.org	1.160.0	matrix.netauthority.org	Unknown	Asra.gr
meet.inboxsys.net	1.160.0	meet.inboxsys.net	Unknown	Asra.gr
matrix.texo-it.de	1.160.0	matrix.texo-it.de	Unknown	Asra.gr
matrix.codexus.ru	1.160.0	matrix.codexus.ru	Unknown	Asra.gr
2gather.community	1.160.0	matrix.2gather.community	Unknown	Asra.gr
matrix.vincze.work	1.160.0	matrix.vincze.work	Unknown	Asra.gr
wolke7.freeit247.eu	1.160.0	matrix.wolke7.freeit247.eu	Unknown	Asra.gr
matrix.blackynet.de	1.160.0	matrix.blackynet.de	Unknown	Asra.gr
matrix.beachcom.org	1.160.0	matrix.beachcom.org	Unknown	Asra.gr
confessional.social	1.160.0	matrix.confessional.social	Unknown	Asra.gr
naumimatrix.hopto.org	1.160.0	naumisynapse.hopto.org	Unknown	Asra.gr
matrix.mjehosting.com	1.160.0	matrix.mjehosting.com	Unknown	Asra.gr
matrix.maechler.cloud	1.160.0	matrix.maechler.cloud	Unknown	Asra.gr
sergmatrix.duckdns.org	1.160.0	sergmatrix.duckdns.org	Unknown	Asra.gr
matrix.linuxrocker.com	1.160.0	matrix.linuxrocker.com	Unknown	Asra.gr
matrix.lviv.dcomm.net.ua	1.160.0	matrix.lviv.dcomm.net.ua	Unknown	Asra.gr
matrix.kyiv.dcomm.net.ua	1.160.0	matrix.kyiv.dcomm.net.ua	Unknown	Asra.gr
chat.minerva-archive.org	1.160.0	chat.minerva-archive.org	Unknown	Asra.gr
matrix.rivne.dcomm.net.ua	1.160.0	matrix.rivne.dcomm.net.ua	Unknown	Asra.gr
matrix.wolke7.freeit247.eu	1.160.0	matrix.wolke7.freeit247.eu	Unknown	Asra.gr
synapse.esquiretheduke.nohost.me	1.160.0	synapse.esquiretheduke.nohost.me	Unknown	Asra.gr
